{
  "open": [
    0.49486876536340296,
    1.6730417248460674,
    2.7186158211542875,
    3.1762524312524376,
    2.982012548121734,
    2.2563013278314057,
    -1.6394098016578333,
    0.4365535416149007
  ],
  "closed": [
    0.530615022451802,
    1.7276587531173706,
    2.1912539652114313,
    2.956878010251182,
    0.8085929270175714,
    1.8042771592746705,
    0.13758957936614546,
    0.43354890206713087
  ],
  "peace": [
    0.41008537849615795,
    1.0651451012594808,
    2.3276679898832393,
    2.585295730706912,
    4.832863943062473,
    2.1189763872250915,
    -0.8749537828162819,
    0.4288015104695087
  ],
  "thumb": [
    0.49588064519211517,
    1.5015332434375386,
    1.8211735767638983,
    2.5964924893670065,
    2.7792538275802112,
    1.9103853160670667,
    -0.3765878749978304,
    0.43381352656826955
  ],
  "L": [
    0.5301518097240159,
    1.7547155588187422,
    2.15404072155578,
    2.9027628642047616,
    1.8635597777321489,
    1.391466042561504,
    -3.2491208301706114,
    0.439323007821979
  ]
}